,precision,recall,f1-score,support
0,0.4880382775119617,0.5947521865889213,0.5361366622864652,343.0
1,0.5683229813664596,0.4609571788413098,0.5090403337969402,397.0
accuracy,0.522972972972973,0.522972972972973,0.522972972972973,0.522972972972973
macro avg,0.5281806294392106,0.5278546827151156,0.5225884980417027,740.0
weighted avg,0.5311099362014694,0.522972972972973,0.5215998482184363,740.0
