,precision,recall,f1-score,support
0,0.4649805447470817,0.7050147492625368,0.5603751465416178,339.0
1,0.5575221238938053,0.314214463840399,0.40191387559808617,401.0
accuracy,0.49324324324324326,0.49324324324324326,0.49324324324324326,0.49324324324324326
macro avg,0.5112513343204435,0.509614606551468,0.481144511069852,740.0
weighted avg,0.515128076149563,0.49324324324324326,0.47450626863843376,740.0
