,precision,recall,f1-score,support
0,0.4135593220338983,0.3505747126436782,0.3794712286158632,348.0
1,0.5097613882863341,0.5759803921568627,0.5408515535097814,408.0
accuracy,0.4722222222222222,0.4722222222222222,0.4722222222222222,0.4722222222222222
macro avg,0.46166035516011616,0.46327755240027046,0.4601613910628223,756.0
weighted avg,0.4654778974717208,0.4722222222222222,0.46656537220940636,756.0
