,precision,recall,f1-score,support
0,0.45585215605749485,0.6379310344827587,0.5317365269461078,348.0
1,0.5315985130111525,0.35049019607843135,0.4224519940915805,408.0
accuracy,0.4828042328042328,0.4828042328042328,0.4828042328042328,0.4828042328042328
macro avg,0.49372533453432366,0.494210615280595,0.4770942605188442,756.0
weighted avg,0.4967311423499449,0.4828042328042328,0.47275757270715657,756.0
