,precision,recall,f1-score,support
0,0.4880382775119617,0.29310344827586204,0.3662477558348295,348.0
1,0.5502742230347349,0.7377450980392157,0.6303664921465968,408.0
accuracy,0.533068783068783,0.533068783068783,0.533068783068783,0.533068783068783
macro avg,0.5191562502733483,0.5154242731575389,0.49830712399071314,756.0
weighted avg,0.5216259306512362,0.533068783068783,0.508788026225307,756.0
