,precision,recall,f1-score,support
0,0.46405228758169936,0.6120689655172413,0.5278810408921933,348.0
1,0.5454545454545454,0.39705882352941174,0.4595744680851064,408.0
accuracy,0.49603174603174605,0.49603174603174605,0.49603174603174605,0.49603174603174605
macro avg,0.5047534165181224,0.5045638945233265,0.49372775448864986,756.0
weighted avg,0.5079836648464099,0.49603174603174605,0.49101717620265434,756.0
