,precision,recall,f1-score,support
0,0.41580756013745707,0.34770114942528735,0.37871674491392804,348.0
1,0.5118279569892473,0.5833333333333334,0.5452462772050402,408.0
accuracy,0.4748677248677249,0.4748677248677249,0.4748677248677249,0.4748677248677249
macro avg,0.46381775856335217,0.4655172413793104,0.4619815110594841,756.0
weighted avg,0.4676280917717566,0.4748677248677249,0.4685898258329409,756.0
