,precision,recall,f1-score,support
0,0.4453125,0.3275862068965517,0.37748344370860926,348.0
1,0.532,0.6519607843137255,0.5859030837004406,408.0
accuracy,0.5026455026455027,0.5026455026455027,0.5026455026455027,0.5026455026455027
macro avg,0.48865625,0.4897734956051386,0.4816932637045249,756.0
weighted avg,0.4920962301587302,0.5026455026455027,0.48996388433912147,756.0
