,precision,recall,f1-score,support
0,0.49099099099099097,0.3132183908045977,0.38245614035087716,348.0
1,0.552434456928839,0.7230392156862745,0.6263269639065817,408.0
accuracy,0.5343915343915344,0.5343915343915344,0.5343915343915344,0.5343915343915344
macro avg,0.521712723959915,0.5181288032454361,0.5043915521287294,756.0
weighted avg,0.5241509567352264,0.5343915343915344,0.5140689657618922,756.0
