,precision,recall,f1-score,support
0,0.4375,0.3017241379310345,0.3571428571428571,348.0
1,0.5290697674418605,0.6691176470588235,0.590909090909091,408.0
accuracy,0.5,0.5,0.5,0.5
macro avg,0.48328488372093026,0.485420892494929,0.4740259740259741,756.0
weighted avg,0.4869186046511628,0.5,0.4833024118738405,756.0
