,precision,recall,f1-score,support
0,0.49101796407185627,0.25153374233128833,0.332657200811359,326.0
1,0.5741710296684118,0.7946859903381642,0.6666666666666666,414.0
accuracy,0.5554054054054054,0.5554054054054054,0.5554054054054054,0.5554054054054054
macro avg,0.532594496870134,0.5231098663347262,0.4996619337390128,740.0
weighted avg,0.5375387332029021,0.5554054054054054,0.5195219560331121,740.0
