,precision,recall,f1-score,support
0,0.4115755627009646,0.39263803680981596,0.40188383045525905,326.0
1,0.5384615384615384,0.5579710144927537,0.5480427046263344,414.0
accuracy,0.4851351351351351,0.4851351351351351,0.4851351351351351,0.4851351351351351
macro avg,0.47501855058125153,0.4753045256512848,0.47496326754079676,740.0
weighted avg,0.48256312211296126,0.4851351351351351,0.48365379519421203,740.0
