,precision,recall,f1-score,support
0,0.4089068825910931,0.3098159509202454,0.35253054101221637,326.0
1,0.5436105476673428,0.6473429951690821,0.5909592061742006,414.0
accuracy,0.49864864864864866,0.49864864864864866,0.49864864864864866,0.49864864864864866
macro avg,0.47625871512921797,0.47857947304466375,0.4717448735932085,740.0
weighted avg,0.4842681222418599,0.49864864864864866,0.48592171314338056,740.0
