,precision,recall,f1-score,support
0,0.4950980392156863,0.3098159509202454,0.38113207547169814,326.0
1,0.5802238805970149,0.751207729468599,0.6547368421052632,414.0
accuracy,0.5567567567567567,0.5567567567567567,0.5567567567567567,0.5567567567567567
macro avg,0.5376609599063507,0.5305118401944222,0.5179344587884807,740.0
weighted avg,0.5427224964209161,0.5567567567567567,0.534202850318044,740.0
