,precision,recall,f1-score,support
0,0.45278969957081544,0.647239263803681,0.5328282828282829,326.0
1,0.5802919708029197,0.38405797101449274,0.4622093023255814,414.0
accuracy,0.5,0.5,0.5,0.5
macro avg,0.5165408351868676,0.5156486174090869,0.4975187925769321,740.0
weighted avg,0.5241220513141819,0.5,0.4933198261686634,740.0
