,precision,recall,f1-score,support
0,0.45102040816326533,0.6779141104294478,0.5416666666666667,326.0
1,0.58,0.3502415458937198,0.4367469879518072,414.0
accuracy,0.4945945945945946,0.4945945945945946,0.4945945945945946,0.4945945945945946
macro avg,0.5155102040816326,0.5140778281615839,0.489206827309237,740.0
weighted avg,0.5231792608935465,0.4945945945945946,0.48296835992619136,740.0
