,precision,recall,f1-score,support
0,0.41025641025641024,0.39263803680981596,0.4012539184952978,326.0
1,0.5373831775700935,0.5555555555555556,0.5463182897862232,414.0
accuracy,0.4837837837837838,0.4837837837837838,0.4837837837837838,0.4837837837837838
macro avg,0.47381979391325185,0.47409679618268574,0.4737861041407605,740.0
weighted avg,0.48137868278055196,0.4837837837837838,0.48241155324454527,740.0
