,precision,recall,f1-score,support
0,0.4,0.2822085889570552,0.33093525179856115,326.0
1,0.5411764705882353,0.6666666666666666,0.5974025974025974,414.0
accuracy,0.4972972972972973,0.4972972972972973,0.4972972972972973,0.4972972972972973
macro avg,0.47058823529411764,0.47443762781186094,0.46416892460057924,740.0
weighted avg,0.4789825119236884,0.4972972972972973,0.48001292893379227,740.0
