,precision,recall,f1-score,support
0,0.4641350210970464,0.3206997084548105,0.3793103448275862,343.0
1,0.536779324055666,0.6801007556675063,0.6,397.0
accuracy,0.5135135135135135,0.5135135135135135,0.5135135135135135,0.5135135135135135
macro avg,0.5004571725763562,0.5004002320611584,0.4896551724137931,740.0
weighted avg,0.503107707954576,0.5135135135135135,0.4977073625349487,740.0
