,precision,recall,f1-score,support
0,0.4714828897338403,0.36151603498542273,0.4092409240924092,343.0
1,0.5408805031446541,0.6498740554156172,0.5903890160183066,397.0
accuracy,0.5162162162162162,0.5162162162162162,0.5162162162162162,0.5162162162162162
macro avg,0.5061816964392472,0.50569504520052,0.4998149700553579,740.0
weighted avg,0.5087137715231552,0.5162162162162162,0.506424427463465,740.0
