,precision,recall,f1-score,support
0,0.4631578947368421,0.2565597667638484,0.3302063789868668,343.0
1,0.5363636363636364,0.743073047858942,0.6230200633579726,397.0
accuracy,0.5175675675675676,0.5175675675675676,0.5175675675675676,0.5175675675675676
macro avg,0.49976076555023924,0.4998164073113952,0.47661322117241967,740.0
weighted avg,0.5024317858528385,0.5175675675675676,0.48729696371028436,740.0
