,precision,recall,f1-score,support
0,0.4227129337539432,0.39067055393586003,0.406060606060606,343.0
1,0.5059101654846335,0.5390428211586902,0.521951219512195,397.0
accuracy,0.4702702702702703,0.4702702702702703,0.4702702702702703,0.4702702702702703
macro avg,0.46431154961928833,0.4648566875472751,0.4640059127864005,740.0
weighted avg,0.4673471242905433,0.4702702702702703,0.46823435408801256,740.0
