,precision,recall,f1-score,support
0,0.45495495495495497,0.2944606413994169,0.3575221238938054,343.0
1,0.5328185328185329,0.6952141057934509,0.6032786885245902,397.0
accuracy,0.5094594594594595,0.5094594594594595,0.5094594594594595,0.5094594594594595
macro avg,0.4938867438867439,0.49483737359643387,0.4804004062091978,740.0
weighted avg,0.4967277122682528,0.5094594594594595,0.4893671997835643,740.0
