,precision,recall,f1-score,support
0,0.4693396226415094,0.5801749271137027,0.5189048239895697,343.0
1,0.5443037974683544,0.4332493702770781,0.482468443197756,397.0
accuracy,0.5013513513513513,0.5013513513513513,0.5013513513513513,0.5013513513513513
macro avg,0.5068217100549319,0.5067121486953904,0.5006866335936628,740.0
weighted avg,0.5095568894067222,0.5013513513513513,0.4993571980782859,740.0
