,precision,recall,f1-score,support
0,0.4276923076923077,0.40524781341107874,0.4161676646706587,343.0
1,0.5084337349397591,0.5314861460957179,0.519704433497537,397.0
accuracy,0.47297297297297297,0.47297297297297297,0.47297297297297297,0.47297297297297297
macro avg,0.4680630213160334,0.4683669797533983,0.46793604908409786,740.0
weighted avg,0.47100899231019716,0.47297297297297297,0.4717137420007543,740.0
