,precision,recall,f1-score,support
0,0.47317073170731705,0.565597667638484,0.5152722443559097,343.0
1,0.5484848484848485,0.45591939546599497,0.4979367262723522,397.0
accuracy,0.5067567567567568,0.5067567567567568,0.5067567567567568,0.5067567567567568
macro avg,0.5108277900960827,0.5107585315522395,0.5066044853141309,740.0
weighted avg,0.5135757376001278,0.5067567567567568,0.5059719731678389,740.0
