,precision,recall,f1-score,support
0,0.48394004282655245,0.6260387811634349,0.5458937198067634,361.0
1,0.532871972318339,0.389873417721519,0.4502923976608187,395.0
accuracy,0.5026455026455027,0.5026455026455027,0.5026455026455027,0.5026455026455027
macro avg,0.5084060075724457,0.507956099442477,0.49809305873379106,756.0
weighted avg,0.5095063287382664,0.5026455026455027,0.49594329355326056,756.0
