,precision,recall,f1-score,support
0,0.4440993788819876,0.3961218836565097,0.41874084919472915,361.0
1,0.4976958525345622,0.5468354430379747,0.5211097708082026,395.0
accuracy,0.4748677248677249,0.4748677248677249,0.4748677248677249,0.4748677248677249
macro avg,0.47089761570827493,0.4714786633472422,0.46992531000146587,756.0
weighted avg,0.4721028274173937,0.4748677248677249,0.47222725665150433,756.0
