,precision,recall,f1-score,support
0,0.47244094488188976,0.33240997229916897,0.39024390243902435,361.0
1,0.5199203187250996,0.660759493670886,0.5819397993311037,395.0
accuracy,0.503968253968254,0.503968253968254,0.503968253968254,0.503968253968254
macro avg,0.4961806318034947,0.4965847329850275,0.486091850885064,756.0
weighted avg,0.49724828968092133,0.503968253968254,0.49040247290512406,756.0
