,precision,recall,f1-score,support
0,0.5254237288135594,0.25761772853185594,0.345724907063197,361.0
1,0.5371329879101899,0.7873417721518987,0.6386036960985625,395.0
accuracy,0.5343915343915344,0.5343915343915344,0.5343915343915344,0.5343915343915344
macro avg,0.5312783583618746,0.5224797503418773,0.49216430158087976,756.0
weighted avg,0.5315416618071693,0.5343915343915344,0.4987502002761194,756.0
