,precision,recall,f1-score,support
0,0.46120689655172414,0.296398891966759,0.3608768971332209,361.0
1,0.5152671755725191,0.6835443037974683,0.58759521218716,395.0
accuracy,0.49867724867724866,0.49867724867724866,0.49867724867724866,0.49867724867724866
macro avg,0.48823703606212165,0.48997159788211364,0.4742360546601905,756.0
weighted avg,0.4894526772570336,0.49867724867724866,0.4793342178293928,756.0
