,precision,recall,f1-score,support
0,0.49321266968325794,0.6038781163434903,0.5429638854296389,361.0
1,0.5445859872611465,0.43291139240506327,0.48236953455571224,395.0
accuracy,0.5145502645502645,0.5145502645502645,0.5145502645502645,0.5145502645502645
macro avg,0.5188993284722022,0.5183947543742768,0.5126667099926756,756.0
weighted avg,0.5200545485764669,0.5145502645502645,0.5113041386105899,756.0
