,precision,recall,f1-score,support
0,0.49489795918367346,0.26869806094182824,0.34829443447037706,361.0
1,0.5285714285714286,0.7493670886075949,0.6198952879581152,395.0
accuracy,0.5198412698412699,0.5198412698412699,0.5198412698412699,0.5198412698412699
macro avg,0.511734693877551,0.5090325747747115,0.48409486121424616,756.0
weighted avg,0.5124919015225137,0.5198412698412699,0.4902022878138382,756.0
