,precision,recall,f1-score,support
0,0.44272445820433437,0.3961218836565097,0.41812865497076024,361.0
1,0.49653579676674364,0.5443037974683544,0.5193236714975845,395.0
accuracy,0.47354497354497355,0.47354497354497355,0.47354497354497355,0.47354497354497355
macro avg,0.469630127485539,0.47021284056243207,0.4687261632341724,756.0
weighted avg,0.4708401708130006,0.47354497354497355,0.4710017125476063,756.0
