,precision,recall,f1-score,support
0,0.5145631067961165,0.16012084592145015,0.24423963133640553,331.0
1,0.5742725880551302,0.8823529411764706,0.6957328385899816,425.0
accuracy,0.5661375661375662,0.5661375661375662,0.5661375661375662,0.5661375661375662
macro avg,0.5444178474256234,0.5212368935489604,0.4699862349631936,756.0
weighted avg,0.5481299448054826,0.5661375661375662,0.49805525710726506,756.0
