,precision,recall,f1-score,support
0,0.4326923076923077,0.27692307692307694,0.3377110694183865,325.0
1,0.5582706766917294,0.7156626506024096,0.6272439281942979,415.0
accuracy,0.522972972972973,0.522972972972973,0.522972972972973,0.522972972972973
macro avg,0.49548149219201854,0.4962928637627433,0.48247749880634216,740.0
weighted avg,0.5031180146311726,0.522972972972973,0.5000842267048773,740.0
