,precision,recall,f1-score,support
0,0.4272300469483568,0.2898089171974522,0.34535104364326374,314.0
1,0.5893186003683242,0.7239819004524887,0.6497461928934011,442.0
accuracy,0.5436507936507936,0.5436507936507936,0.5436507936507936,0.5436507936507936
macro avg,0.5082743236583405,0.5068954088249704,0.4975486182683324,756.0
weighted avg,0.5219961059584436,0.5436507936507936,0.5233175197921536,756.0
