,precision,recall,f1-score,support
0,0.48138297872340424,0.5201149425287356,0.5,348.0
1,0.5605263157894737,0.5220588235294118,0.5406091370558376,408.0
accuracy,0.5211640211640212,0.5211640211640212,0.5211640211640212,0.5211640211640212
macro avg,0.5209546472564389,0.5210868830290737,0.5203045685279188,756.0
weighted avg,0.5240952558701719,0.5211640211640212,0.5219160422206107,756.0
