,precision,recall,f1-score,support
0,0.4844559585492228,0.5373563218390804,0.5095367847411444,348.0
1,0.5648648648648649,0.5122549019607843,0.5372750642673522,408.0
accuracy,0.5238095238095238,0.5238095238095238,0.5238095238095238,0.5238095238095238
macro avg,0.5246604117070438,0.5248056118999324,0.5234059245042483,756.0
weighted avg,0.5278512413227439,0.5238095238095238,0.5245066498822724,756.0
