,precision,recall,f1-score,support
0,0.4875,0.33620689655172414,0.3979591836734694,348.0
1,0.5523255813953488,0.6985294117647058,0.6168831168831169,408.0
accuracy,0.5317460317460317,0.5317460317460317,0.5317460317460317,0.5317460317460317
macro avg,0.5199127906976744,0.517368154158215,0.5074211502782932,756.0
weighted avg,0.5224852344038391,0.5317460317460317,0.5161086079453427,756.0
