,precision,recall,f1-score,support
0,0.4673913043478261,0.3706896551724138,0.4134615384615385,348.0
1,0.54375,0.6397058823529411,0.5878378378378378,408.0
accuracy,0.5158730158730159,0.5158730158730159,0.5158730158730159,0.5158730158730159
macro avg,0.5055706521739131,0.5051977687626774,0.5006496881496881,756.0
weighted avg,0.5086007591442374,0.5158730158730159,0.5075693825693826,756.0
