,precision,recall,f1-score,support
0,0.5,0.33045977011494254,0.39792387543252594,348.0
1,0.5570342205323194,0.7181372549019608,0.6274089935760172,408.0
accuracy,0.5396825396825397,0.5396825396825397,0.5396825396825397,0.5396825396825397
macro avg,0.5285171102661597,0.5242985125084516,0.5126664345042715,756.0
weighted avg,0.5307803729856961,0.5396825396825397,0.521772986811553,756.0
