,precision,recall,f1-score,support
0,0.4415204678362573,0.4339080459770115,0.43768115942028984,348.0
1,0.5241545893719807,0.5318627450980392,0.5279805352798054,408.0
accuracy,0.48677248677248675,0.48677248677248675,0.48677248677248675,0.48677248677248675
macro avg,0.482837528604119,0.48288539553752535,0.4828308473500476,756.0
weighted avg,0.48611666041109214,0.48677248677248675,0.48641415591590137,756.0
