,precision,recall,f1-score,support
0,0.4806201550387597,0.3563218390804598,0.4092409240924092,348.0
1,0.5502008032128514,0.6715686274509803,0.6048565121412802,408.0
accuracy,0.5264550264550265,0.5264550264550265,0.5264550264550265,0.5264550264550265
macro avg,0.5154104791258055,0.5139452332657201,0.5070487181168447,756.0
weighted avg,0.5181716159581108,0.5264550264550265,0.5148112414521174,756.0
