,precision,recall,f1-score,support
0,0.4794520547945205,0.4294478527607362,0.45307443365695793,326.0
1,0.5848214285714286,0.6328502415458938,0.6078886310904873,414.0
accuracy,0.5432432432432432,0.5432432432432432,0.5432432432432432,0.5432432432432432
macro avg,0.5321367416829745,0.531149047153315,0.5304815323737226,740.0
weighted avg,0.5384019476913313,0.5432432432432432,0.5396867008697703,740.0
