,precision,recall,f1-score,support
0,0.4344262295081967,0.48773006134969327,0.4595375722543353,326.0
1,0.553475935828877,0.5,0.5253807106598984,414.0
accuracy,0.4945945945945946,0.4945945945945946,0.4945945945945946,0.4945945945945946
macro avg,0.4939510826685368,0.49386503067484666,0.4924591414571169,740.0
weighted avg,0.5010297138551719,0.4945945945945946,0.49637413887582604,740.0
