,precision,recall,f1-score,support
0,0.48172757475083056,0.4447852760736196,0.4625199362041467,326.0
1,0.5876993166287016,0.6231884057971014,0.6049237983587339,414.0
accuracy,0.5445945945945946,0.5445945945945946,0.5445945945945946,0.5445945945945946
macro avg,0.5347134456897661,0.5339868409353605,0.5337218672814403,740.0
weighted avg,0.5410144681798016,0.5445945945945946,0.5421891239500914,740.0
