,precision,recall,f1-score,support
0,0.42700729927007297,0.3588957055214724,0.38999999999999996,326.0
1,0.5515021459227468,0.6207729468599034,0.5840909090909091,414.0
accuracy,0.5054054054054054,0.5054054054054054,0.5054054054054054,0.5054054054054054
macro avg,0.4892547225964099,0.4898343261906879,0.48704545454545456,740.0
weighted avg,0.49665711888386616,0.5054054054054054,0.49858599508599505,740.0
