,precision,recall,f1-score,support
0,0.4146341463414634,0.4171779141104294,0.41590214067278286,326.0
1,0.5388349514563107,0.5362318840579711,0.5375302663438257,414.0
accuracy,0.4837837837837838,0.4837837837837838,0.4837837837837838,0.4837837837837838
macro avg,0.476734548898887,0.4767048990842002,0.4767162035083043,740.0
weighted avg,0.4841194616354455,0.4837837837837838,0.4839481461157717,740.0
