,precision,recall,f1-score,support
0,0.4119496855345912,0.401840490797546,0.40683229813664595,326.0
1,0.5379146919431279,0.5483091787439613,0.5430622009569378,414.0
accuracy,0.4837837837837838,0.4837837837837838,0.4837837837837838,0.4837837837837838
macro avg,0.47493218873885956,0.4750748347707537,0.4749472495467919,740.0
weighted avg,0.48242199993071855,0.4837837837837838,0.48304740593070106,740.0
