,precision,recall,f1-score,support
0,0.43360433604336046,0.49079754601226994,0.4604316546762591,326.0
1,0.5525606469002695,0.49516908212560384,0.5222929936305732,414.0
accuracy,0.49324324324324326,0.49324324324324326,0.49324324324324326,0.49324324324324326
macro avg,0.493082491471815,0.4929833140689369,0.4913623241534162,740.0
weighted avg,0.5001555694146582,0.49324324324324326,0.49504056592907814,740.0
