,precision,recall,f1-score,support
0,0.42570281124497994,0.32515337423312884,0.36869565217391304,326.0
1,0.5519348268839104,0.6545893719806763,0.5988950276243094,414.0
accuracy,0.5094594594594595,0.5094594594594595,0.5094594594594595,0.5094594594594595
macro avg,0.48881881906444513,0.4898713731069026,0.48379533989911117,740.0
weighted avg,0.49632450648081405,0.5094594594594595,0.49748287033129696,740.0
