,precision,recall,f1-score,support
0,0.4666666666666667,0.3877551020408163,0.42356687898089174,343.0
1,0.5384615384615384,0.6171284634760705,0.5751173708920189,397.0
accuracy,0.5108108108108108,0.5108108108108108,0.5108108108108108,0.5108108108108108
macro avg,0.5025641025641026,0.5024417827584434,0.4993421249364553,740.0
weighted avg,0.5051836451836452,0.5108108108108108,0.5048716699115909,740.0
