,precision,recall,f1-score,support
0,0.43018867924528303,0.3323615160349854,0.375,343.0
1,0.5178947368421053,0.6196473551637279,0.5642201834862385,397.0
accuracy,0.4864864864864865,0.4864864864864865,0.4864864864864865,0.4864864864864865
macro avg,0.47404170804369417,0.4760044355993567,0.46961009174311924,740.0
weighted avg,0.4772417939289836,0.4864864864864865,0.47651407141086033,740.0
