,precision,recall,f1-score,support
0,0.4588859416445623,0.5043731778425656,0.48055555555555557,343.0
1,0.5316804407713499,0.48614609571788414,0.5078947368421053,397.0
accuracy,0.4945945945945946,0.4945945945945946,0.4945945945945946,0.4945945945945946
macro avg,0.4952831912079561,0.4952596367802249,0.4942251461988304,740.0
weighted avg,0.4979392067166362,0.4945945945945946,0.4952226568673937,740.0
