,precision,recall,f1-score,support
0,0.426056338028169,0.35276967930029157,0.3859649122807018,343.0
1,0.5131578947368421,0.5894206549118388,0.5486518171160609,397.0
accuracy,0.4797297297297297,0.4797297297297297,0.4797297297297297,0.4797297297297297
macro avg,0.4696071163825056,0.4710951671060652,0.46730836469838133,740.0
weighted avg,0.47278514615430856,0.4797297297297297,0.473244238253185,740.0
