,precision,recall,f1-score,support
0,0.4574468085106383,0.5014577259475219,0.4784422809457581,343.0
1,0.5302197802197802,0.48614609571788414,0.507227332457293,397.0
accuracy,0.49324324324324326,0.49324324324324326,0.49324324324324326,0.49324324324324326
macro avg,0.4938332943652093,0.49380191083270303,0.4928348067015256,740.0
weighted avg,0.49648852441405633,0.49324324324324326,0.49388507209451404,740.0
