,precision,recall,f1-score,support
0,0.43147208121827413,0.2478134110787172,0.3148148148148149,343.0
1,0.5248618784530387,0.7178841309823678,0.6063829787234042,397.0
accuracy,0.5,0.5,0.5,0.5
macro avg,0.47816697983565637,0.4828487710305425,0.46059889676910953,740.0
weighted avg,0.4815744454104384,0.5,0.47123719464145,740.0
