,precision,recall,f1-score,support
0,0.44171779141104295,0.2099125364431487,0.2845849802371542,343.0
1,0.5303292894280762,0.7707808564231738,0.6283367556468171,397.0
accuracy,0.5108108108108108,0.5108108108108108,0.5108108108108108,0.5108108108108108
macro avg,0.4860235404195596,0.49034669643316126,0.45646086794198565,740.0
weighted avg,0.4892566626445054,0.5108108108108108,0.46900316245017604,740.0
