,precision,recall,f1-score,support
0,0.48231511254019294,0.43731778425655976,0.45871559633027525,343.0
1,0.5501165501165501,0.5944584382871536,0.5714285714285714,397.0
accuracy,0.5216216216216216,0.5216216216216216,0.5216216216216216,0.5216216216216216
macro avg,0.5162158313283716,0.5158881112718567,0.5150720838794234,740.0
weighted avg,0.5186896675642657,0.5216216216216216,0.5191845843221989,740.0
