,precision,recall,f1-score,support
0,0.493006993006993,0.39058171745152354,0.4358578052550232,361.0
1,0.5319148936170213,0.6329113924050633,0.5780346820809249,395.0
accuracy,0.5171957671957672,0.5171957671957672,0.5171957671957672,0.5171957671957672
macro avg,0.5124609433120071,0.5117465549282935,0.506946243667974,756.0
weighted avg,0.5133358564209628,0.5171957671957672,0.510143342750038,756.0
