,precision,recall,f1-score,support
0,0.46582278481012657,0.5096952908587258,0.48677248677248675,361.0
1,0.5096952908587258,0.46582278481012657,0.48677248677248675,395.0
accuracy,0.48677248677248675,0.48677248677248675,0.48677248677248675,0.48677248677248675
macro avg,0.4877590378344262,0.4877590378344262,0.48677248677248675,756.0
weighted avg,0.48874558889636555,0.48677248677248675,0.48677248677248675,756.0
