,precision,recall,f1-score,support
0,0.4811320754716981,0.42382271468144045,0.4506627393225332,361.0
1,0.5251141552511416,0.5822784810126582,0.5522208883553421,395.0
accuracy,0.5066137566137566,0.5066137566137566,0.5066137566137566,0.5066137566137566
macro avg,0.5031231153614198,0.5030505978470493,0.5014418138389376,756.0
weighted avg,0.5041121303829152,0.5066137566137566,0.5037255288304161,756.0
