,precision,recall,f1-score,support
0,0.5040322580645161,0.3462603878116344,0.4105090311986864,361.0
1,0.5354330708661418,0.6886075949367089,0.602436323366556,395.0
accuracy,0.5251322751322751,0.5251322751322751,0.5251322751322751,0.5251322751322751
macro avg,0.519732664465329,0.5174339913741717,0.5064726772826211,756.0
weighted avg,0.5204387673986989,0.5251322751322751,0.5107885026356024,756.0
