,precision,recall,f1-score,support
0,0.5044642857142857,0.31301939058171746,0.38632478632478634,361.0
1,0.5338345864661654,0.7189873417721518,0.6127292340884574,395.0
accuracy,0.5251322751322751,0.5251322751322751,0.5251322751322751,0.5251322751322751
macro avg,0.5191494360902256,0.5160033661769347,0.4995270102066218,756.0
weighted avg,0.5198098793611011,0.5251322751322751,0.5046181155134769,756.0
