,precision,recall,f1-score,support
0,0.4661458333333333,0.49584487534626037,0.4805369127516778,361.0
1,0.510752688172043,0.4810126582278481,0.4954367666232073,395.0
accuracy,0.4880952380952381,0.4880952380952381,0.4880952380952381,0.4880952380952381
macro avg,0.48844926075268813,0.48842876678705427,0.48798683968744255,756.0
weighted avg,0.4894523249487967,0.4880952380952381,0.4883218893115378,756.0
