,precision,recall,f1-score,support
0,0.49063670411985016,0.3628808864265928,0.4171974522292994,361.0
1,0.5296523517382413,0.6556962025316456,0.5859728506787331,395.0
accuracy,0.5158730158730159,0.5158730158730159,0.5158730158730159,0.5158730158730159
macro avg,0.5101445279290457,0.5092885444791192,0.5015851514540162,756.0
weighted avg,0.5110218639204647,0.5158730158730159,0.505380365440313,756.0
