,precision,recall,f1-score,support
0,0.4855305466237942,0.4182825484764543,0.44940476190476186,361.0
1,0.5280898876404494,0.5949367088607594,0.5595238095238095,395.0
accuracy,0.5105820105820106,0.5105820105820106,0.5105820105820106,0.5105820105820106
macro avg,0.5068102171321218,0.5066096286686068,0.5044642857142857,756.0
weighted avg,0.5077672393507503,0.5105820105820106,0.5069405076845552,756.0
